temperature_per_1000c,load_per_10n,log10p1_speed_per_3,sliding_time_per_60min,disk__40crnimoa,disk__alloy_800ht,disk__gh2132,disk__gh4169,disk__gh605,disk__inco718,disk__inco939_additive_as_built,disk__inco939_additive_heat_treated,disk__inco939_cast,disk__naf10,disk__naf15,disk__naf5,disk__rene88,disk__ta_w,pin__2344_h13_skd61,pin__alloy_800ht,pin__ha188,pin__ha25,pin__inco718,ambient__he,test_type__pin_on_disk,test_type__pin_on_flat,target_ave_cof,reference_group,source_row
0.9,1,0.25938375012788123,0.5,0,0,0,0,0,0,0,0,0,0,0,0,0,0,0,0,1,0,0,0,0,0,0.26,R1,2
1,1,0.25938375012788123,0.5,0,0,0,0,0,0,0,0,0,0,0,0,0,0,0,0,1,0,0,0,0,0,0.29,R1,3
1.1,1,0.25938375012788123,0.5,0,0,0,0,0,0,0,0,0,0,0,0,0,0,0,0,1,0,0,0,0,0,0.28,R1,4
0.9,1,0.25938375012788123,0.5,0,0,0,0,0,0,0,0,0,0,0,0,0,0,0,0,0,0,0,0,0,0,0.29,R1,5
1,1,0.25938375012788123,0.5,0,0,0,0,0,0,0,0,0,0,0,0,0,0,0,0,0,0,0,0,0,0,0.28,R1,6
1.1,1,0.25938375012788123,0.5,0,0,0,0,0,0,0,0,0,0,0,0,0,0,0,0,0,0,0,0,0,0,0.28,R1,7
0.025,0.1,0.22403261931190585,0.5,0,0,0,0,0,0,0,0,0,0,0,0,0,1,0,0,0,1,0,0,0,1,0.67,R2,8
0.17,0.1,0.22403261931190585,0.5,0,0,0,0,0,0,0,0,0,0,0,0,0,1,0,0,0,1,0,0,0,1,1.1,R2,9
0.43,0.1,0.22403261931190585,0.5,0,0,0,0,0,0,0,0,0,0,0,0,0,1,0,0,0,1,0,0,0,1,0.75,R2,10
0.024,2,1.0001446924931063,0.6945,0,0,0,0,0,0,0,0,1,0,0,0,0,0,1,0,0,0,0,0,1,0,0.616,R3,11
0.5,2,1.0001446924931063,0.6945,0,0,0,0,0,0,0,0,1,0,0,0,0,0,1,0,0,0,0,0,1,0,0.84,R3,12
0.6,2,1.0001446924931063,0.6945,0,0,0,0,0,0,0,0,1,0,0,0,0,0,1,0,0,0,0,0,1,0,1.008,R3,13
0.024,2,1.0001446924931063,0.6945,0,0,0,0,0,0,1,0,0,0,0,0,0,0,1,0,0,0,0,0,1,0,0.784,R3,14
0.5,2,1.0001446924931063,0.6945,0,0,0,0,0,0,1,0,0,0,0,0,0,0,1,0,0,0,0,0,1,0,0.812,R3,15
0.6,2,1.0001446924931063,0.6945,0,0,0,0,0,0,1,0,0,0,0,0,0,0,1,0,0,0,0,0,1,0,0.952,R3,16
0.024,2,1.0001446924931063,0.6945,0,0,0,0,0,0,0,1,0,0,0,0,0,0,1,0,0,0,0,0,1,0,0.952,R3,17
0.5,2,1.0001446924931063,0.6945,0,0,0,0,0,0,0,1,0,0,0,0,0,0,1,0,0,0,0,0,1,0,0.784,R3,18
0.6,2,1.0001446924931063,0.6945,0,0,0,0,0,0,0,1,0,0,0,0,0,0,1,0,0,0,0,0,1,0,0.84,R3,19
0.8,2,0.6607570776798561,0.016666666666666666,0,0,0,0,0,0,0,0,0,0,0,0,1,0,0,0,0,0,0,0,0,0,0.25,R4,20
0.8,2,0.6607570776798561,0.16666666666666666,0,0,0,0,0,0,0,0,0,0,0,0,1,0,0,0,0,0,0,0,0,0,0.25,R4,21
0.8,2,0.6607570776798561,0.5,0,0,0,0,0,0,0,0,0,0,0,0,1,0,0,0,0,0,0,0,0,0,0.25,R4,22
0.8,2,0.6607570776798561,1,0,0,0,0,0,0,0,0,0,0,0,0,1,0,0,0,0,0,0,0,0,0,0.25,R4,23
0.025,0.5,0.5375946189065784,1.0356666666666667,0,1,0,0,0,0,0,0,0,0,0,0,0,0,0,1,0,0,0,1,1,0,1.25,R5,24
0.5,0.5,0.5375946189065784,1.0356666666666667,0,1,0,0,0,0,0,0,0,0,0,0,0,0,0,1,0,0,0,1,1,0,1,R5,25
0.75,0.5,0.5375946189065784,1.0356666666666667,0,1,0,0,0,0,0,0,0,0,0,0,0,0,0,1,0,0,0,1,1,0,1.75,R5,26
0.025,1,0.5375946189065784,1.0356666666666667,0,1,0,0,0,0,0,0,0,0,0,0,0,0,0,1,0,0,0,1,1,0,1,R5,27
0.5,1,0.5375946189065784,1.0356666666666667,0,1,0,0,0,0,0,0,0,0,0,0,0,0,0,1,0,0,0,1,1,0,1,R5,28
0.75,1,0.5375946189065784,1.0356666666666667,0,1,0,0,0,0,0,0,0,0,0,0,0,0,0,1,0,0,0,1,1,0,1.9,R5,29
0.025,2,0.5375946189065784,1.0356666666666667,0,1,0,0,0,0,0,0,0,0,0,0,0,0,0,1,0,0,0,1,1,0,1.25,R5,30
0.5,2,0.5375946189065784,1.0356666666666667,0,1,0,0,0,0,0,0,0,0,0,0,0,0,0,1,0,0,0,1,1,0,0.95,R5,31
0.75,2,0.5375946189065784,1.0356666666666667,0,1,0,0,0,0,0,0,0,0,0,0,0,0,0,1,0,0,0,1,1,0,1.5,R5,32
0.75,0.5,0.5375946189065784,1.0356666666666667,0,1,0,0,0,0,0,0,0,0,0,0,0,0,0,1,0,0,0,0,1,0,0.63,R5,33
0.75,1,0.5375946189065784,1.0356666666666667,0,1,0,0,0,0,0,0,0,0,0,0,0,0,0,1,0,0,0,0,1,0,1.6,R5,34
0.75,2,0.5375946189065784,1.0356666666666667,0,1,0,0,0,0,0,0,0,0,0,0,0,0,0,1,0,0,0,0,1,0,1.85,R5,35
0.025,1,0.673729766,1,1,0,0,0,0,0,0,0,0,0,0,0,0,0,0,0,0,0,0,0,0,0,0.88,R6,36
0.2,1,0.673729766,1,1,0,0,0,0,0,0,0,0,0,0,0,0,0,0,0,0,0,0,0,0,0,0.8,R6,37
0.4,1,0.673729766,1,1,0,0,0,0,0,0,0,0,0,0,0,0,0,0,0,0,0,0,0,0,0,0.65,R6,38
0.6,1,0.673729766,1,1,0,0,0,0,0,0,0,0,0,0,0,0,0,0,0,0,0,0,0,0,0,0.55,R6,39
0.8,1,0.673729766,1,1,0,0,0,0,0,0,0,0,0,0,0,0,0,0,0,0,0,0,0,0,0,0.52,R6,40
0.025,1,0.673729766,1,0,0,0,0,0,1,0,0,0,0,0,0,0,0,0,0,0,0,0,0,0,0,0.78,R6,41
0.2,1,0.673729766,1,0,0,0,0,0,1,0,0,0,0,0,0,0,0,0,0,0,0,0,0,0,0,0.73,R6,42
0.4,1,0.673729766,1,0,0,0,0,0,1,0,0,0,0,0,0,0,0,0,0,0,0,0,0,0,0,0.65,R6,43
0.6,1,0.673729766,1,0,0,0,0,0,1,0,0,0,0,0,0,0,0,0,0,0,0,0,0,0,0,0.42,R6,44
0.8,1,0.673729766,1,0,0,0,0,0,1,0,0,0,0,0,0,0,0,0,0,0,0,0,0,0,0,0.32,R6,45
0.025,1,1.1062992382091623,0.16,0,0,0,0,1,0,0,0,0,0,0,0,0,0,0,0,0,0,0,0,0,0,0.43,R7,46
0.4,1,1.1062992382091623,0.16,0,0,0,0,1,0,0,0,0,0,0,0,0,0,0,0,0,0,0,0,0,0,0.3,R7,47
0.6,1,1.1062992382091623,0.16,0,0,0,0,1,0,0,0,0,0,0,0,0,0,0,0,0,0,0,0,0,0,0.26,R7,48
0.8,1,1.1062992382091623,0.16,0,0,0,0,1,0,0,0,0,0,0,0,0,0,0,0,0,0,0,0,0,0,0.2,R7,49
0.025,1,1.1062992382091623,0.16,0,0,1,0,0,0,0,0,0,0,0,0,0,0,0,0,0,0,0,0,0,0,0.48,R7,50
0.4,1,1.1062992382091623,0.16,0,0,1,0,0,0,0,0,0,0,0,0,0,0,0,0,0,0,0,0,0,0,0.375,R7,51
0.6,1,1.1062992382091623,0.16,0,0,1,0,0,0,0,0,0,0,0,0,0,0,0,0,0,0,0,0,0,0,0.23,R7,52
0.8,1,1.1062992382091623,0.16,0,0,1,0,0,0,0,0,0,0,0,0,0,0,0,0,0,0,0,0,0,0,0.175,R7,53
0.025,1,1.1062992382091623,0.16,0,0,0,1,0,0,0,0,0,0,0,0,0,0,0,0,0,0,0,0,0,0,0.52,R7,54
0.4,1,1.1062992382091623,0.16,0,0,0,1,0,0,0,0,0,0,0,0,0,0,0,0,0,0,0,0,0,0,0.43,R7,55
0.6,1,1.1062992382091623,0.16,0,0,0,1,0,0,0,0,0,0,0,0,0,0,0,0,0,0,0,0,0,0,0.28,R7,56
0.8,1,1.1062992382091623,0.16,0,0,0,1,0,0,0,0,0,0,0,0,0,0,0,0,0,0,0,0,0,0,0.16,R7,57
0.025,0.5,1.0001446924931063,0.5,0,0,0,0,0,0,0,0,0,0,0,1,0,0,0,0,0,0,0,0,0,0,0.29,R8,58
0.2,0.5,1.0001446924931063,0.5,0,0,0,0,0,0,0,0,0,0,0,1,0,0,0,0,0,0,0,0,0,0,0.285,R8,59
0.4,0.5,1.0001446924931063,0.5,0,0,0,0,0,0,0,0,0,0,0,1,0,0,0,0,0,0,0,0,0,0,0.27,R8,60
0.6,0.5,1.0001446924931063,0.5,0,0,0,0,0,0,0,0,0,0,0,1,0,0,0,0,0,0,0,0,0,0,0.32,R8,61
0.8,0.5,1.0001446924931063,0.5,0,0,0,0,0,0,0,0,0,0,0,1,0,0,0,0,0,0,0,0,0,0,0.28,R8,62
0.9,0.5,1.0001446924931063,0.5,0,0,0,0,0,0,0,0,0,0,0,1,0,0,0,0,0,0,0,0,0,0,0.23,R8,63
0.025,0.5,1.0001446924931063,0.5,0,0,0,0,0,0,0,0,0,1,0,0,0,0,0,0,0,0,0,0,0,0,0.3,R8,64
0.2,0.5,1.0001446924931063,0.5,0,0,0,0,0,0,0,0,0,1,0,0,0,0,0,0,0,0,0,0,0,0,0.28,R8,65
0.4,0.5,1.0001446924931063,0.5,0,0,0,0,0,0,0,0,0,1,0,0,0,0,0,0,0,0,0,0,0,0,0.27,R8,66
0.6,0.5,1.0001446924931063,0.5,0,0,0,0,0,0,0,0,0,1,0,0,0,0,0,0,0,0,0,0,0,0,0.285,R8,67
0.8,0.5,1.0001446924931063,0.5,0,0,0,0,0,0,0,0,0,1,0,0,0,0,0,0,0,0,0,0,0,0,0.26,R8,68
0.9,0.5,1.0001446924931063,0.5,0,0,0,0,0,0,0,0,0,1,0,0,0,0,0,0,0,0,0,0,0,0,0.25,R8,69
0.025,0.5,1.0001446924931063,0.5,0,0,0,0,0,0,0,0,0,0,1,0,0,0,0,0,0,0,0,0,0,0,0.31,R8,70
0.2,0.5,1.0001446924931063,0.5,0,0,0,0,0,0,0,0,0,0,1,0,0,0,0,0,0,0,0,0,0,0,0.3,R8,71
0.4,0.5,1.0001446924931063,0.5,0,0,0,0,0,0,0,0,0,0,1,0,0,0,0,0,0,0,0,0,0,0,0.28,R8,72
0.6,0.5,1.0001446924931063,0.5,0,0,0,0,0,0,0,0,0,0,1,0,0,0,0,0,0,0,0,0,0,0,0.31,R8,73
0.8,0.5,1.0001446924931063,0.5,0,0,0,0,0,0,0,0,0,0,1,0,0,0,0,0,0,0,0,0,0,0,0.26,R8,74
0.9,0.5,1.0001446924931063,0.5,0,0,0,0,0,0,0,0,0,0,1,0,0,0,0,0,0,0,0,0,0,0,0.225,R8,75
0.025,0.5,1.0001446924931063,0.5,0,0,0,0,0,0,0,0,0,0,0,1,0,0,0,0,0,0,1,0,0,0,0.32,R8,76
0.2,0.5,1.0001446924931063,0.5,0,0,0,0,0,0,0,0,0,0,0,1,0,0,0,0,0,0,1,0,0,0,0.325,R8,77
0.4,0.5,1.0001446924931063,0.5,0,0,0,0,0,0,0,0,0,0,0,1,0,0,0,0,0,0,1,0,0,0,0.3,R8,78
0.6,0.5,1.0001446924931063,0.5,0,0,0,0,0,0,0,0,0,0,0,1,0,0,0,0,0,0,1,0,0,0,0.31,R8,79
0.8,0.5,1.0001446924931063,0.5,0,0,0,0,0,0,0,0,0,0,0,1,0,0,0,0,0,0,1,0,0,0,0.325,R8,80
0.9,0.5,1.0001446924931063,0.5,0,0,0,0,0,0,0,0,0,0,0,1,0,0,0,0,0,0,1,0,0,0,0.23,R8,81
0.025,0.5,1.0001446924931063,0.5,0,0,0,0,0,0,0,0,0,1,0,0,0,0,0,0,0,0,1,0,0,0,0.33,R8,82
0.2,0.5,1.0001446924931063,0.5,0,0,0,0,0,0,0,0,0,1,0,0,0,0,0,0,0,0,1,0,0,0,0.325,R8,83
0.4,0.5,1.0001446924931063,0.5,0,0,0,0,0,0,0,0,0,1,0,0,0,0,0,0,0,0,1,0,0,0,0.32,R8,84
0.6,0.5,1.0001446924931063,0.5,0,0,0,0,0,0,0,0,0,1,0,0,0,0,0,0,0,0,1,0,0,0,0.325,R8,85
0.8,0.5,1.0001446924931063,0.5,0,0,0,0,0,0,0,0,0,1,0,0,0,0,0,0,0,0,1,0,0,0,0.31,R8,86
0.9,0.5,1.0001446924931063,0.5,0,0,0,0,0,0,0,0,0,1,0,0,0,0,0,0,0,0,1,0,0,0,0.23,R8,87
0.025,0.5,1.0001446924931063,0.5,0,0,0,0,0,0,0,0,0,0,1,0,0,0,0,0,0,0,1,0,0,0,0.34,R8,88
0.2,0.5,1.0001446924931063,0.5,0,0,0,0,0,0,0,0,0,0,1,0,0,0,0,0,0,0,1,0,0,0,0.33,R8,89
0.4,0.5,1.0001446924931063,0.5,0,0,0,0,0,0,0,0,0,0,1,0,0,0,0,0,0,0,1,0,0,0,0.32,R8,90
0.6,0.5,1.0001446924931063,0.5,0,0,0,0,0,0,0,0,0,0,1,0,0,0,0,0,0,0,1,0,0,0,0.325,R8,91
0.8,0.5,1.0001446924931063,0.5,0,0,0,0,0,0,0,0,0,0,1,0,0,0,0,0,0,0,1,0,0,0,0.28,R8,92
0.9,0.5,1.0001446924931063,0.5,0,0,0,0,0,0,0,0,0,0,1,0,0,0,0,0,0,0,1,0,0,0,0.24,R8,93
