round,train_loss
1,7.10305681626002
2,20.699030610422295
3,10.486146930480995
4,4.087334387376904
5,0.0870026510208845
6,0.03385552094938854
7,0.02299392923402289
8,0.020691849788029987
9,0.021795631479471916
10,0.020590018983542298
11,0.018921219293648997
12,0.019176835163185996
13,0.02009971300140023
14,0.018581941444426774
15,0.0183919676579535
16,0.01811573611727605
17,0.0172947036412855
18,0.018029443271613366
19,0.01663755817571655
20,0.01750639137268687
21,0.016124549453767636
22,0.017548796053354937
23,0.017740089717941977
24,0.017156459763646124
25,0.01682047867992272
26,0.01833822957705706
27,0.016034882721335936
28,0.016049430441732206
29,0.016047192293141655
30,0.01689691935510685
