round,mse,rmse,mae,r2
0,392.17449951171875,19.80339616105578,17.405380249023438,-32976.234375
1,202.47755432128906,14.229460788142644,4.362559795379639,-17024.966796875
2,156.07568359375,12.493025397947049,2.8347649574279785,-13123.1181640625
3,88.72590637207031,9.419442996911776,2.0712244510650635,-7459.798828125
4,33.62997817993164,5.7991359856388645,1.300531268119812,-2826.88330078125
5,9.96905517578125,3.1573810628084233,0.7341861724853516,-837.2796020507812
6,2.841853141784668,1.6857796836433485,0.4313046932220459,-237.96621704101562
7,0.6769702434539795,0.822782014542114,0.26238253712654114,-55.92518615722656
8,0.2266322523355484,0.47605908492071486,0.19722667336463928,-18.057090759277344
9,0.04647992551326752,0.21559203490219095,0.1398848295211792,-2.908411741256714
10,0.028123561292886734,0.16770080886175456,0.11755288392305374,-1.364858627319336
11,0.027681652456521988,0.16637804078820614,0.11404283344745636,-1.3276994228363037
12,0.027857357636094093,0.1669052354963561,0.11344929784536362,-1.3424742221832275
13,0.0282913725823164,0.16820039412057392,0.12409588694572449,-1.378969669342041
14,0.02640748955309391,0.1625038139647618,0.1124352365732193,-1.220557451248169
15,0.02616673707962036,0.16176135842536796,0.11372365057468414,-1.200312852859497
16,0.024047140032052994,0.1550714030118158,0.1069377139210701,-1.0220799446105957
17,0.02275276556611061,0.15084019877377056,0.1069578155875206,-0.9132384061813354
18,0.02365691214799881,0.15380803668208892,0.10951808094978333,-0.9892663955688477
19,0.02262149751186371,0.15040444644977657,0.10301639884710312,-0.9022002220153809
20,0.02342984452843666,0.15306810421651096,0.10724708437919617,-0.970172643661499
21,0.02319652959704399,0.1523040695354001,0.10692881047725677,-0.9505536556243896
22,0.021588090807199478,0.14692886308414518,0.10151033103466034,-0.8153029680252075
23,0.020503997802734375,0.14319217088491387,0.09994552284479141,-0.7241436243057251
24,0.01976604014635086,0.1405917499227848,0.0952264815568924,-0.6620900630950928
25,0.020365655422210693,0.14270828785396697,0.09800609946250916,-0.7125105857849121
26,0.02103738859295845,0.14504271299502933,0.0981687605381012,-0.7689954042434692
27,0.019776951521635056,0.14063054974519248,0.09567301720380783,-0.6630076169967651
28,0.01972481980919838,0.14044507755417554,0.09554769843816757,-0.6586239337921143
29,0.019535314291715622,0.1397687886894482,0.09502799808979034,-0.6426887512207031
30,0.019116127863526344,0.13826108586122976,0.0985298678278923,-0.6074401140213013
