data_id,split,client_id
1,train,1
2,train,1
3,train,2
4,test,
5,train,2
6,train,1
7,test,
8,train,1
9,train,3
10,train,3
11,train,3
12,train,3
13,train,1
14,train,2
15,train,2
16,train,3
17,train,3
18,train,2
19,train,1
20,train,2
21,train,2
22,test,
23,test,
24,train,2
25,train,2
26,train,1
27,train,3
28,train,2
29,test,
30,test,
31,test,
32,train,2
33,train,3
34,test,
35,test,
36,train,1
37,train,2
38,train,2
39,train,2
40,train,1
41,train,3
42,train,1
43,test,
44,train,3
45,train,3
46,train,1
47,train,3
48,train,3
49,train,3
50,train,3
51,train,2
52,test,
53,test,
54,train,3
55,test,
56,train,1
57,train,3
58,test,
59,train,1
60,train,2
61,train,1
62,train,2
63,train,1
64,test,
65,train,2
66,train,1
67,test,
68,train,1
69,test,
70,train,3
71,train,1
72,train,1
73,train,3
74,train,1
75,train,3
76,test,
77,test,
78,train,1
79,test,
80,train,1
81,train,1
82,train,3
83,test,
84,train,3
85,train,3
86,train,2
87,train,2
88,test,
89,test,
90,train,1
91,train,2
92,train,2
93,train,3
94,train,1
95,test,
96,train,1
97,test,
98,train,3
99,train,2
100,train,3
101,train,2
102,train,3
103,train,1
104,train,1
105,train,2
106,train,2
107,train,1
108,train,1
109,train,1
110,train,3
111,train,3
112,test,
113,test,
114,train,3
115,train,2
116,train,1
117,train,2
118,train,3
119,train,2
120,train,1
121,train,2
122,train,2
123,train,1
124,test,
125,test,
126,train,2
127,test,
128,train,2
129,train,3
130,train,1
131,test,
132,train,3
133,train,3
134,test,
135,train,2
136,train,2
137,train,3
